"PDP15",1,999,"Duels of the Planeswalkers Game Promos"
"GK2",1,27,"Guild Kit (Azorius)"
"GK2",28,51,"Guild Kit (Orzhov)"
"GK2",52,79,"Guild Kit (Rakdos)"
"GK2",80,106,"Guild Kit (Gruul)"
"GK2",107,133,"Guild Kit (Simic)"
"GRN",273,273,"Buy-a-Box Promos"
"RNA",273,273,"Buy-a-Box Promos"
"WAR",275,275,"Buy-a-Box Promos"
"MH1",255,255,"Buy-a-Box Promos"
"M20",281,281,"Buy-a-Box Promos"
"ELD",270,272,"Throne of Eldraine - Alternate Art"
"ELD",273,302,"Throne of Eldraine - Alternate Frame"
"ELD",303,303,"Buy-a-Box Promos"
"ELD",334,391,"Throne of Eldraine - Extended Art"
"ELD",392,392,"Bundle Promos"
"ELD",393,397,"Throne of Eldraine - Promo Pack"
"THB",255,257,"Theros: Beyond Death - Alternate Art"
"THB",258,268,"Theros: Beyond Death - Alternate Frame"
"THB",269,269,"Buy-a-Box Promos"
"THB",298,351,"Theros: Beyond Death - Extended Art"
"THB",352,352,"Bundle Promos"
"THB",353,357,"Theros: Beyond Death - Promo Pack"
"IKO",275,275,"Buy-a-Box Promos"
"IKO",276,313,"Ikoria: Lair of Behemoths - Alternate Art"
"IKO",314,363,"Ikoria: Lair of Behemoths - Extended Art"
"IKO",364,364,"Bundle Promos"
"IKO",365,369,"Ikoria: Lair of Behemoths - Promo Pack"
"IKO",370,387,"Ikoria: Lair of Behemoths - Godzilla Series"
"M21",278,278,"Buy-a-Box Promos"
"M21",279,284,"Core 2021 - Alternate Art"
"M21",285,313,"Core 2021 - Showcase"
"M21",314,319,"Core 2021 - Alternate Art"
"M21",340,391,"Core 2021 - Extended Art"
"M21",392,392,"Bundle Promos"
"M21",393,397,"Core 2021 - Promo Pack"
"2XM",333,372,"Double Masters Box Toppers"
"2XM",383,384,"Launch Promos"
"ZNR",281,289,"Zendikar Rising - Alternate Art"
"ZNR",290,313,"Zendikar Rising - Showcase"
"ZNR",314,379,"Zendikar Rising - Extended Art"
"ZNR",385,385,"Buy-a-Box Promos"
"ZNR",386,386,"Bundle Promos"
"ZNR",387,391,"Zendikar Rising - Promo Pack"
"ZNC",7,8,"Zendikar Rising - Extended Art"
"CMR",362,503,"Commander Legends - Commander Decks"
"CMR",512,513,"Commander Legends - Alternate Art"
"CMR",514,614,"Commander Legends - Etched Foil"
"CMR",615,716,"Commander Legends - Extended Art"
"CMR",721,721,"Buy-a-Box Promos"
"CMR",722,722,"Prerelease Promos"
"KHM",286,298,"Kaldheim - Alternate Art"
"KHM",299,332,"Kaldheim - Showcase"
"KHM",334,373,"Kaldheim - Extended Art"
"KHM",399,399,"Buy-a-Box Promos"
"KHM",400,400,"Bundle Promos"
"KHM",401,405,"Kaldheim - Promo Pack"
"TSR",411,411,"Buy-a-Box Promos"
"STX",276,284,"Strixhaven: School of Mages Borderless"
"STX",285,365,"Strixhaven: School of Mages Extended Art"
"STX",376,376,"Buy-a-Box Promos"
"STX",377,377,"Bundle Promos"
"STX",378,382,"Strixhaven: School of Mages Promo Pack"
"STA",64,126,"Strixhaven Mystical Archive Alternate Art"
"C21",328,407,"Commander 2021 Extended Art"
"MH2",304,326,"Modern Horizons 2 Borderless"
"MH2",327,380,"Modern Horizons 2 Showcase"
"MH2",381,441,"Modern Horizons 2 Retro Frame"
"MH2",442,480,"Modern Horizons 2 Extended Art"
"MH2",491,491,"Buy-a-Box Promos"
"MH2",492,492,"Bundle Promos"
"AFR",282,298,"Adventures in the Forgotten Realms - Borderless"
"AFR",299,358,"Adventures in the Forgotten Realms - Showcase"
"AFR",359,395,"Adventures in the Forgotten Realms - Extended Art"
"AFR",396,396,"Buy-a-Box Promos"
"AFR",397,397,"Bundle Promos"
"AFR",398,402,"Adventures in the Forgotten Realms - Promo Pack"
"AFC",274,329,"Adventures in the Forgotten Realms Commander Decks - Extended Art"
"MID",278,285,"Innistrad: Midnight Hunt - Borderless"
"MID",286,325,"Innistrad: Midnight Hunt - Showcase"
"MID",326,377,"Innistrad: Midnight Hunt - Extended Art"
"MID",385,385,"Buy-a-Box Promos"
"MID",386,386,"Bundle Promos"
"MID",387,391,"Innistrad: Midnight Hunt - Promo Pack"
"MIC",39,76,"Innistrad: Midnight Hunt Commander Decks - Extended Art"
"VOW",278,285,"Innistrad: Crimson Vow - Borderless"
"VOW",286,328,"Innistrad: Crimson Vow - Showcase Fang Frame"
"VOW",329,345,"Innistrad: Crimson Vow - Dracula Series"
"VOW",346,397,"Innistrad: Crimson Vow - Extended Art"
"VOW",403,403,"Buy-a-Box Promos"
"VOW",404,404,"Bundle Promos"
"VOW",405,407,"Innistrad: Crimson Vow - Promo Pack"
"VOC",39,76,"Innistrad: Crimson Vow Commander Decks - Extended Art"
"NEO",303,306,"Kamigawa: Neon Dynasty - Borderless"
"NEO",309,405,"Kamigawa: Neon Dynasty - Showcase"
"NEO",406,416,"Kamigawa: Neon Dynasty - Borderless"
"NEO",417,428,"Kamigawa: Neon Dynasty - Etched Foil"
"NEO",433,505,"Kamigawa: Neon Dynasty - Extended Art"
"NEO",506,506,"Bundle Promos"
"NEO",507,507,"Buy-a-Box Promos"
"NEO",508,512,"Kamigawa: Neon Dynasty - Promo Pack"
"NEC",39,76,"Kamigawa: Neon Dynasty Commander Decks - Extended Art"
"SNC",282,295,"Streets of New Capenna - Borderless"
"SNC",296,359,"Streets of New Capenna - Showcase"
"SNC",361,405,"Streets of New Capenna - Showcase Gilded Foil"
"SNC",406,440,"Streets of New Capenna - Extended Art"
"SNC",441,449,"Streets of New Capenna - Showcase Etched Foil"
"SNC",450,450,"Streets of New Capenna - Box Toppers"
"SNC",461,461,"Buy-a-Box Promos"
"SNC",462,462,"Bundle Promos"
"SNC",463,467,"Streets of New Capenna - Promo Pack"
"NCC",94,185,"Streets of New Capenna Commander - Extended Art"
"CLB",362,374,"Commander Legends: Battle for Baldur's Gate - Borderless"
"CLB",375,450,"Commander Legends: Battle for Baldur's Gate - Showcase"
"CLB",471,552,"Commander Legends: Battle for Baldur's Gate - Etched Foil"
"CLB",553,645,"Commander Legends: Battle for Baldur's Gate - Extended Art"
"CLB",935,935,"Bundle Promos"
"CLB",936,936,"Buy-a-Box Promos"
"2X2",335,412,"Double Masters 2022 - Borderless"
"2X2",413,572,"Double Masters 2022 - Etched Foil"
"2X2",573,577,"Double Masters 2022 - Textured Foil"
"2X2",578,579,"Launch Promos"
"CMB2",1,121,"Mystery Booster"
"DMU",277,281,"Dominaria United - Showcase"
"DMU",287,327,"Dominaria United - Showcase"
"DMU",328,368,"Dominaria United - Showcase Textured Foil"
"DMU",369,371,"Dominaria United - Showcase"
"DMU",372,382,"Dominaria United - Borderless"
"DMU",383,427,"Dominaria United - Extended Art"
"DMU",428,428,"Buy-a-Box Promos"
"DMU",429,434,"Dominaria United - Promo Pack"
"DMC",49,70,"Dominaria United Commander - Etched Foil"
"DMC",71,96,"Dominaria United Commander - Extended Art"
"UNF",245,274,"Unfinity Showcase"
"UNF",275,286,"Unfinity Borderless"
"UNF",287,495,"Unfinity Galaxy Foil"
"UNF",496,525,"Unfinity Showcase Galaxy Foil"
"UNF",526,537,"Unfinity Borderless Galaxy Foil"
"BRO",293,300,"The Brothers' War - Borderless"
"BRO",301,377,"The Brothers' War - Extended Art"
"BRO",378,378,"Buy-a-Box Promos"
"BRO",379,379,"Bundle Promos"
"BRO",380,380,"The Brothers' War - Promo Pack"
"BRC",41,67,"The Brothers' War Commander - Extended Art"
"BOT",16,29,"Transformers - Shattered Glass"
"DMR",262,411,"Dominaria Remastered - Retro Frame"
"DMR",412,456,"Dominaria Remastered - Borderless"
"DMR",457,457,"Launch Promos"
"ONE",267,271,"Phyrexia: All Will Be One - Phyrexian Language"
"ONE",277,281,"Phyrexia: All Will Be One - Promo Pack"
"ONE",282,283,"Bundle Promos"
"ONE",284,284,"Buy-a-Box Promos"
"ONE",285,324,"Phyrexia: All Will Be One - Borderless Ichor"
"ONE",325,329,"Phyrexia: All Will Be One - Phyrexian Language"
"ONE",330,344,"Phyrexia: All Will Be One - Borderless Manga"
"ONE",345,369,"Phyrexia: All Will Be One - Oil Slick Raised Foil"
"ONE",370,374,"Phyrexia: All Will Be One - Borderless"
"ONE",375,413,"Phyrexia: All Will Be One - Extended Art"
"ONE",414,414,"Phyrexia: All Will Be One - Phyrexian Language"
"ONE",415,415,"Phyrexia: All Will Be One - Borderless Manga",
"ONE",416,416,"Phyrexia: All Will Be One - Borderless Concept Praetor"
"ONE",417,417,"Phyrexia: All Will Be One - Borderless Ichor Step-and-Compleat Foil"
"ONE",418,418,"Phyrexia: All Will Be One - Phyrexian Language Step-and-Compleat Foil"
"ONE",419,419,"Phyrexia: All Will Be One - Borderless Manga Step-and-Compleat Foil"
"ONE",420,420,"Phyrexia: All Will Be One - Borderless Ichor Step-and-Compleat Foil"
"ONE",421,421,"Phyrexia: All Will Be One - Borderless Concept Praetor Step-and-Compleat Foil"
"ONE",422,423,"Phyrexia: All Will Be One - Borderless Manga Step-and-Compleat Foil"
"ONE",424,427,"Phyrexia: All Will Be One - Borderless Ichor Step-and-Compleat Foil"
"ONE",428,428,"Phyrexia: All Will Be One - Borderless Manga Step-and-Compleat Foil"
"ONE",429,429,"Phyrexia: All Will Be One - Phyrexian Language Step-and-Compleat Foil"
"ONE",430,441,"Phyrexia: All Will Be One - Borderless Ichor Step-and-Compleat Foil"
"ONE",442,442,"Phyrexia: All Will Be One - Borderless Manga Step-and-Compleat Foil"
"ONE",443,443,"Phyrexia: All Will Be One - Phyrexian Language Step-and-Compleat Foil"
"ONE",444,445,"Phyrexia: All Will Be One - Borderless Ichor Step-and-Compleat Foil"
"ONE",446,446,"Phyrexia: All Will Be One - Borderless Manga Step-and-Compleat Foil"
"ONE",447,452,"Phyrexia: All Will Be One - Borderless Ichor Step-and-Compleat Foil"
"ONE",453,453,"Phyrexia: All Will Be One - Phyrexian Language Step-and-Compleat Foil"
"ONE",454,454,"Phyrexia: All Will Be One - Borderless Manga Step-and-Compleat Foil"
"ONE",455,455,"Phyrexia: All Will Be One - Borderless Ichor Step-and-Compleat Foil"
"ONE",456,456,"Phyrexia: All Will Be One - Borderless Manga Step-and-Compleat Foil"
"ONE",457,461,"Phyrexia: All Will Be One - Borderless Ichor Step-and-Compleat Foil"
"ONE",462,464,"Phyrexia: All Will Be One - Borderless Manga Step-and-Compleat Foil"
"ONE",465,465,"Phyrexia: All Will Be One - Borderless Ichor Step-and-Compleat Foil"
"ONE",466,466,"Phyrexia: All Will Be One - Phyrexian Language Step-and-Compleat Foil"
"ONE",467,467,"Phyrexia: All Will Be One - Borderless Manga Step-and-Compleat Foil"
"ONE",468,468,"Phyrexia: All Will Be One - Borderless Ichor Step-and-Compleat Foil"
"ONE",469,469,"Phyrexia: All Will Be One - Borderless Manga Step-and-Compleat Foil"
"ONE",470,470,"Phyrexia: All Will Be One - Borderless Ichor Step-and-Compleat Foil"
"ONE",471,471,"Phyrexia: All Will Be One - Borderless Manga Step-and-Compleat Foil"
"ONE",472,472,"Phyrexia: All Will Be One - Phyrexian Language Step-and-Compleat Foil"
"ONE",473,475,"Phyrexia: All Will Be One - Borderless Ichor Step-and-Compleat Foil"
"ONE",476,476,"Phyrexia: All Will Be One - Borderless Manga Step-and-Compleat Foil"
"ONE",477,477,"Phyrexia: All Will Be One - Borderless Ichor Step-and-Compleat Foil"
"ONE",478,478,"Phyrexia: All Will Be One - Borderless Manga Step-and-Compleat Foil"
"ONE",479,479,"Phyrexia: All Will Be One - Borderless Ichor Step-and-Compleat Foil"
"ONC",31,58,"Phyrexia: All Will Be One Commander - Extended Art"
"MOM",292,319,"March of the Machine - Showcase"
"MOM",320,322,"March of the Machine - Borderless"
"MOM",343,380,"March of the Machine - Extended Art"
"MOM",381,386,"March of the Machine - Promo Pack"
"MOM",387,387,"Buy-a-Box Promos"
"MOC",80,133,"March of the Machine Commander - Extended Art"
"MOC",448,450,"March of the Machine Commander - Showcase"
"MUL",66,130,"March of the Machine - Multiverse Legends Etched Foil"
"MUL",131,195,"March of the Machine - Multiverse Legends Halo Foil"
"MAT",51,100,"March of the Machine: The Aftermath - Showcase"
"MAT",101,150,"March of the Machine: The Aftermath - Etched Foil"
"MAT",151,185,"March of the Machine: The Aftermath - Extended Art"
"MAT",186,228,"March of the Machine: The Aftermath - Showcase - Halo Foil"
"MAT",229,229,"Bundle Promos"
"MAT",230,230,"Buy-a-Box Promos"
"P30M",1,2,"30th Anniversary"
"LTR",299,301,"Pro Tour Promos"
"LTR",302,331,"Lord of the Rings: Tales of Middle-earth - Showcase"
"LTR",340,345,"Lord of the Rings: Tales of Middle-earth - Borderless"
"LTR",356,397,"Lord of the Rings: Tales of Middle-earth - Extended Art"
"LTR",398,398,"Buy-a-Box Promos"
"LTR",399,451,"Lord of the Rings: Tales of Middle-earth - Scene"
"LTR",452,712,"Lord of the Rings: Tales of Middle-earth - Showcase - Scrolls"
"LTR",713,722,"Lord of the Rings: Tales of Middle-earth - Surge Foil"
"LTR",723,730,"Lord of the Rings: Tales of Middle-earth - Showcase - Scrolls"
"LTR",731,750,"Lord of the Rings: Tales of Middle-earth - Borderless - Poster"
"LTR",751,756,"Lord of the Rings: Tales of Middle-earth - Commander - Borderless - Surge Foil"
"LTR",757,793,"Lord of the Rings: Tales of Middle-earth - Extended Art - Surge Foil"
"LTR",794,823,"Lord of the Rings: Tales of Middle-earth - Showcase - Surge Foil"
"LTR",829,833,"Lord of the Rings: Tales of Middle-earth - Extended Art - Surge Foil"
"LTC",85,160,"Lord of the Rings: Tales of Middle-earth - Commander - Extended Art"
"LTC",348,377,"Lord of the Rings: Tales of Middle-earth - Commander Realms and Relics"
"LTC",378,407,"Lord of the Rings: Tales of Middle-earth - Commander Realms and Relics - Surge Foil"
"LTC",411,490,"Lord of the Rings: Tales of Middle-earth - Commander - Showcase - Scrolls"
"LTC",491,514,"Lord of the Rings: Tales of Middle-earth - Commander - Scene"
"LTC",515,534,"Lord of the Rings: Tales of Middle-earth - Commander - Borderless"
"LTC",535,558,"Lord of the Rings: Tales of Middle-earth - Commander - Scene - Surge Foil"
"CMM",452,621,"Commander Masters - Etched Foil"
"CMM",622,703,"Commander Masters - Showcase"
"CMM",744,778,"Commander Masters - Extended Art"
"CMM",1057,1066,"Commander Masters - Showcase Textured Foil"
"CMM",1067,1067,"Launch Promos"
"WOE",277,296,"Wilds of Eldraine - Showcase"
"WOE",297,307,"Wilds of Eldraine - Borderless"
"WOE",323,374,"Wilds of Eldraine - Extended Art"
"WOE",375,379,"Wilds of Eldraine - Promo Pack"
"WOE",380,380,"Bundle Promos"
"WOE",381,381,"Buy-a-Box Promos"
"WOC",29,56,"Wilds of Eldraine Commander"
"WOT",64,83,"Wilds of Eldraine: Enchanting Tales - Borderless"
"WOT",84,103,"Wilds of Eldraine: Enchanting Tales - Borderless Confetti Foil"
"WHO",332,534,"Doctor Who - Extended Art"
"WHO",535,564,"Doctor Who - Showcase"
"WHO",565,565,"Launch Promos"
"WHO",606,922,"Doctor Who - Surge Foil"
"WHO",923,1125,"Doctor Who - Extended Art - Surge Foil"
"WHO",1126,1155,"Doctor Who - Showcase - Surge Foil"
"WHO",1156,1165,"Doctor Who - Surge Foil"
"LCI",292,319,"The Lost Caverns of Ixalan - Showcase"
"LCI",320,352,"The Lost Caverns of Ixalan - Borderless"
"LCI",353,392,"The Lost Caverns of Ixalan - Extended Art"
"LCC",17,20,"The Lost Caverns of Ixalan - Commander Showcase"
"LCC",21,68,"The Lost Caverns of Ixalan - Commander Extended Art"
"LCC",101,120,"The Lost Caverns of Ixalan - Treasure Trove Box Toppers"
"REX",27,45,"Jurassic World Collection - Embossed Foil"
"RVR",292,301,"Ravnica Remastered - Borderless"
"RVR",302,415,"Ravnica Remastered - Retro Frame"
"RVR",416,445,"Ravnica Remastered - Borderless"
"RVR",446,467,"Ravnica Remastered - Retro Frame"
"MKM",287,316,"Murders at Karlov Manor - Showcase Magnified"
"MKM",317,323,"Murders at Karlov Manor - Showcase Ravnica City"
"MKM",324,335,"Murders at Karlov Manor - Borderless"
"MKM",336,376,"Murders at Karlov Manor - Showcase Dossier"
"MKM",377,389,"Murders at Karlov Manor - Showcase Dossier (Invisible Ink)"
"MKM",390,422,"Murders at Karlov Manor - Extended Art"
"MKM",423,427,"Murders at Karlov Manor - Promo Pack"
"MKM",428,428,"Bundle Promos"
"MKM",429,429,"Buy-a-Box Promos"
"MKM",430,432,"Murders at Karlov Manor - Prerelease Promos"
"MKM",433,433,"Murders at Karlov Manor - Showcase Dossier (Invisible Ink)"
"MKC",312,358,"Murders at Karlov Manor - Commander Extended Art"